Hostname,HostIP/MaskLength,DockerSubnet/MaskLength,RackName,Estate,RemoteAs
samcaas1-caasminion1-1-ord.ops.sfdc.net,10.223.211.130/29,10.213.196.0/27,a05-02,ord-sp1-sam_caas,65009
samcaas1-caasminion1-2-ord.ops.sfdc.net,10.223.211.131/29,10.213.196.32/27,a05-02,ord-sp1-sam_caas,65009
samcaas1-caasminion1-3-ord.ops.sfdc.net,10.223.211.138/29,10.213.196.64/27,a06-02,ord-sp1-sam_caas,65009
samcaas1-caasminion1-4-ord.ops.sfdc.net,10.223.211.186/29,10.213.197.32/27,b12-02,ord-sp1-sam_caas,65009
samcaas1-caasminion1-5-ord.ops.sfdc.net,10.223.211.187/29,10.213.198.224/27,b12-02,ord-sp1-sam_caas,65009
samcaas1-caasminion1-6-ord.ops.sfdc.net,10.223.211.139/29,10.213.197.96/27,a06-02,ord-sp1-sam_caas,65009
samcaas1-caasminion1-7-ord.ops.sfdc.net,10.223.211.132/29,10.213.197.64/27,a05-02,ord-sp1-sam_caas,65009
samcaas1-caasminion1-8-ord.ops.sfdc.net,10.223.211.188/29,10.213.199.0/27,b12-02,ord-sp1-sam_caas,65009
samcaas1-caasminion1-9-ord.ops.sfdc.net,10.223.211.140/29,10.213.197.128/27,a06-02,ord-sp1-sam_caas,65009
samcaas1-caasminion2-1-ord.ops.sfdc.net,10.223.211.146/29,10.213.196.96/27,a11-02,ord-sp1-sam_caas,65009
samcaas1-caasminion2-2-ord.ops.sfdc.net,10.223.211.147/29,10.213.196.128/27,a11-02,ord-sp1-sam_caas,65009
samcaas1-caasminion2-3-ord.ops.sfdc.net,10.223.211.154/29,10.213.196.160/27,a16-02,ord-sp1-sam_caas,65009
samcaas1-caasminion2-4-ord.ops.sfdc.net,10.223.211.155/29,10.213.197.224/27,a16-02,ord-sp1-sam_caas,65009
samcaas1-caasminion2-5-ord.ops.sfdc.net,10.223.211.156/29,10.213.198.0/27,a16-02,ord-sp1-sam_caas,65009
samcaas1-caasminion2-6-ord.ops.sfdc.net,10.223.211.148/29,10.213.197.160/27,a11-02,ord-sp1-sam_caas,65009
samcaas1-caasminion2-7-ord.ops.sfdc.net,10.223.211.157/29,10.213.198.32/27,a16-02,ord-sp1-sam_caas,65009
samcaas1-caasminion2-8-ord.ops.sfdc.net,10.223.211.149/29,10.213.197.192/27,a11-02,ord-sp1-sam_caas,65009
samcaas1-caasminion3-1-ord.ops.sfdc.net,10.223.211.162/29,10.213.196.192/27,a17-01,ord-sp1-sam_caas,65009
samcaas1-caasminion3-2-ord.ops.sfdc.net,10.223.211.170/29,10.213.196.224/27,b07-02,ord-sp1-sam_caas,65009
samcaas1-caasminion3-3-ord.ops.sfdc.net,10.223.211.178/29,10.213.197.0/27,b08-02,ord-sp1-sam_caas,65009
samcaas1-caasminion3-4-ord.ops.sfdc.net,10.223.211.163/29,10.213.198.64/27,a17-01,ord-sp1-sam_caas,65009
samcaas1-caasminion3-5-ord.ops.sfdc.net,10.223.211.179/29,10.213.198.160/27,b08-02,ord-sp1-sam_caas,65009
samcaas1-caasminion3-6-ord.ops.sfdc.net,10.223.211.171/29,10.213.198.128/27,b07-02,ord-sp1-sam_caas,65009
samcaas1-caasminion3-7-ord.ops.sfdc.net,10.223.211.164/29,10.213.198.96/27,a17-01,ord-sp1-sam_caas,65009
samcaas1-caasminion3-8-ord.ops.sfdc.net,10.223.211.180/29,10.213.198.192/27,b08-02,ord-sp1-sam_caas,65009
samcaas2-caasminion1-1-ord.ops.sfdc.net,10.223.169.250/29,10.213.212.128/27,c02-02,ord-sp2-sam_caas,65009
samcaas2-caasminion1-10-ord.ops.sfdc.net,10.223.255.130/29,10.213.213.64/27,a05-02,ord-sp2-sam_caas,65009
samcaas2-caasminion1-11-ord.ops.sfdc.net,10.223.255.138/29,10.213.215.96/27,g14-01,ord-sp2-sam_caas,65009
samcaas2-caasminion1-2-ord.ops.sfdc.net,10.223.169.194/29,10.213.212.64/27,c01-02,ord-sp2-sam_caas,65009
samcaas2-caasminion1-3-ord.ops.sfdc.net,10.223.169.218/29,10.213.213.32/27,h13-02,ord-sp2-sam_caas,65009
samcaas2-caasminion1-4-ord.ops.sfdc.net,10.223.169.195/29,10.213.212.96/27,c01-02,ord-sp2-sam_caas,65009
samcaas2-caasminion1-5-ord.ops.sfdc.net,10.223.255.146/29,10.213.215.64/27,f03-02,ord-sp2-sam_caas,65009
samcaas2-caasminion1-6-ord.ops.sfdc.net,10.223.255.154/29,10.213.213.192/27,b13-02,ord-sp2-sam_caas,65009
samcaas2-caasminion1-7-ord.ops.sfdc.net,10.223.255.162/29,10.213.213.160/27,b12-02,ord-sp2-sam_caas,65009
samcaas2-caasminion1-8-ord.ops.sfdc.net,10.223.255.170/29,10.213.215.192/27,j10-02,ord-sp2-sam_caas,65009
samcaas2-caasminion1-9-ord.ops.sfdc.net,10.223.255.178/29,10.213.215.224/27,m16-03,ord-sp2-sam_caas,65009
samcaas2-caasminion2-1-ord.ops.sfdc.net,10.223.169.202/29,10.213.212.0/27,b09-02,ord-sp2-sam_caas,65009
samcaas2-caasminion2-10-ord.ops.sfdc.net,10.223.255.186/29,10.213.214.192/27,e11-02,ord-sp2-sam_caas,65009
samcaas2-caasminion2-11-ord.ops.sfdc.net,10.223.255.187/29,10.213.214.224/27,e11-02,ord-sp2-sam_caas,65009
samcaas2-caasminion2-2-ord.ops.sfdc.net,10.223.169.226/29,10.213.212.160/27,c14-02,ord-sp2-sam_caas,65009
samcaas2-caasminion2-3-ord.ops.sfdc.net,10.223.169.203/29,10.213.212.32/27,b09-02,ord-sp2-sam_caas,65009
samcaas2-caasminion2-4-ord.ops.sfdc.net,10.223.169.227/29,10.213.213.224/27,c14-02,ord-sp2-sam_caas,65009
samcaas2-caasminion2-5-ord.ops.sfdc.net,10.223.255.188/29,10.213.215.0/27,e11-02,ord-sp2-sam_caas,65009
samcaas2-caasminion2-6-ord.ops.sfdc.net,10.223.169.204/29,10.213.213.96/27,b09-02,ord-sp2-sam_caas,65009
samcaas2-caasminion2-7-ord.ops.sfdc.net,10.223.169.228/29,10.213.214.0/27,c14-02,ord-sp2-sam_caas,65009
samcaas2-caasminion2-8-ord.ops.sfdc.net,10.223.255.189/29,10.213.215.32/27,e11-02,ord-sp2-sam_caas,65009
samcaas2-caasminion2-9-ord.ops.sfdc.net,10.223.169.205/29,10.213.213.128/27,b09-02,ord-sp2-sam_caas,65009
samcaas2-caasminion3-1-ord.ops.sfdc.net,10.223.169.242/29,10.213.212.192/27,d12-02,ord-sp2-sam_caas,65009
samcaas2-caasminion3-10-ord.ops.sfdc.net,10.223.169.243/29,10.213.214.32/27,d12-02,ord-sp2-sam_caas,65009
samcaas2-caasminion3-2-ord.ops.sfdc.net,10.223.169.210/29,10.213.213.0/27,h07-02,ord-sp2-sam_caas,65009
samcaas2-caasminion3-3-ord.ops.sfdc.net,10.223.169.234/29,10.213.212.224/27,e06-02,ord-sp2-sam_caas,65009
samcaas2-caasminion3-4-ord.ops.sfdc.net,10.223.169.235/29,10.213.214.128/27,e06-02,ord-sp2-sam_caas,65009
samcaas2-caasminion3-5-ord.ops.sfdc.net,10.223.169.211/29,10.213.215.128/27,h07-02,ord-sp2-sam_caas,65009
samcaas2-caasminion3-6-ord.ops.sfdc.net,10.223.169.244/29,10.213.214.64/27,d12-02,ord-sp2-sam_caas,65009
samcaas2-caasminion3-7-ord.ops.sfdc.net,10.223.169.236/29,10.213.214.160/27,e06-02,ord-sp2-sam_caas,65009
samcaas2-caasminion3-8-ord.ops.sfdc.net,10.223.169.212/29,10.213.215.160/27,h07-02,ord-sp2-sam_caas,65009
samcaas2-caasminion3-9-ord.ops.sfdc.net,10.223.169.245/29,10.213.214.96/27,d12-02,ord-sp2-sam_caas,65009
samkingdomcaas0-caasminion1-1-ord.ops.sfdc.net,10.223.255.66/29,10.213.236.64/27,d12-02,ord-sam_kingdom_caas,65009
samkingdomcaas0-caasminion1-2-ord.ops.sfdc.net,10.223.255.74/29,10.213.236.32/27,c02-02,ord-sam_kingdom_caas,65009
samkingdomcaas0-caasminion1-3-ord.ops.sfdc.net,10.223.255.67/29,10.213.236.192/27,d12-02,ord-sam_kingdom_caas,65009
samkingdomcaas0-caasminion2-1-ord.ops.sfdc.net,10.223.255.82/29,10.213.236.0/27,a05-02,ord-sam_kingdom_caas,65009
samkingdomcaas0-caasminion2-2-ord.ops.sfdc.net,10.223.255.83/29,10.213.236.128/27,a05-02,ord-sam_kingdom_caas,65009
samkingdomcaas0-caasminion2-3-ord.ops.sfdc.net,10.223.255.84/29,10.213.236.160/27,a05-02,ord-sam_kingdom_caas,65009
samkingdomcaas0-caasminion3-1-ord.ops.sfdc.net,10.223.255.90/29,10.213.236.96/27,f03-02,ord-sam_kingdom_caas,65009
samkingdomcaas0-caasminion3-2-ord.ops.sfdc.net,10.223.255.91/29,10.213.236.224/27,f03-02,ord-sam_kingdom_caas,65009
sfstorezk0-dnds1-1-ord.ops.sfdc.net,10.223.242.130/29,10.213.224.160/27,m04-01,ord-sam_sfstore,65009
sfstorezk0-dnds1-2-ord.ops.sfdc.net,10.223.242.178/29,10.213.224.64/27,e11-02,ord-sam_sfstore,65009
sfstorezk0-dnds2-1-ord.ops.sfdc.net,10.223.242.186/29,10.213.225.0/27,p16-01,ord-sam_sfstore,65009
shared0-samcompute1-1-ord.ops.sfdc.net,10.223.222.18/28,10.213.194.64/27,a16-02,ord-sam,65009
shared0-samcompute1-2-ord.ops.sfdc.net,10.223.222.34/28,10.213.194.128/27,a17-01,ord-sam,65009
shared0-samcompute2-1-ord.ops.sfdc.net,10.223.222.10/28,10.213.194.0/27,a15-02,ord-sam,65009
shared0-samkubeapi1-1-ord.ops.sfdc.net,10.223.222.19/28,10.213.194.96/27,a16-02,ord-sam,65009
shared0-samkubeapi1-2-ord.ops.sfdc.net,10.223.222.20/28,10.213.194.224/27,a16-02,ord-sam,65009
shared0-samkubeapi2-1-ord.ops.sfdc.net,10.223.222.11/28,10.213.194.32/27,a15-02,ord-sam,65009
shared0-samkubeapi2-2-ord.ops.sfdc.net,10.223.222.2/28,10.213.194.192/27,a15-02,ord-sam,65009
shared0-samkubeapi3-1-ord.ops.sfdc.net,10.223.222.35/28,10.213.194.160/27,a17-01,ord-sam,65009
shared0-samminionaqueduct1-1-ord.ops.sfdc.net,10.190.128.130/29,10.208.146.64/27,g14-02,ord-sam_eventbus,65009
shared0-samminionaqueduct1-2-ord.ops.sfdc.net,10.190.128.131/29,10.208.146.96/27,g14-02,ord-sam_eventbus,65009
shared0-samminionaqueduct1-3-ord.ops.sfdc.net,10.190.128.132/29,10.208.146.128/27,g14-02,ord-sam_eventbus,65009
shared0-samminionaqueduct1-4-ord.ops.sfdc.net,10.190.128.242/29,10.208.147.64/27,j10-03,ord-sam_eventbus,65009
shared0-samminionaqueduct1-5-ord.ops.sfdc.net,10.190.128.243/29,10.208.147.96/27,j10-03,ord-sam_eventbus,65009
shared0-samminionaqueduct2-1-ord.ops.sfdc.net,10.190.128.146/29,10.208.146.160/27,p16-02,ord-sam_eventbus,65009
shared0-samminionaqueduct2-2-ord.ops.sfdc.net,10.190.128.147/29,10.208.146.192/27,p16-02,ord-sam_eventbus,65009
shared0-samminionaqueduct2-3-ord.ops.sfdc.net,10.190.128.148/29,10.208.147.128/27,p16-02,ord-sam_eventbus,65009
shared0-samminionaqueduct2-4-ord.ops.sfdc.net,10.190.128.149/29,10.208.147.160/27,p16-02,ord-sam_eventbus,65009
shared0-samminionaqueduct2-5-ord.ops.sfdc.net,10.190.128.150/29,10.208.147.192/27,p16-02,ord-sam_eventbus,65009
shared0-samminionaqueduct3-1-ord.ops.sfdc.net,10.190.128.138/29,10.208.146.0/27,a13-03,ord-sam_eventbus,65009
shared0-samminionaqueduct3-2-ord.ops.sfdc.net,10.190.128.139/29,10.208.146.32/27,a13-03,ord-sam_eventbus,65009
shared0-samminionaqueduct3-3-ord.ops.sfdc.net,10.190.128.154/29,10.208.147.0/27,g02-02,ord-sam_eventbus,65009
shared0-samminionaqueduct3-4-ord.ops.sfdc.net,10.190.128.155/29,10.208.147.32/27,g02-02,ord-sam_eventbus,65009
shared0-samminionaqueduct3-5-ord.ops.sfdc.net,10.190.128.250/29,10.208.146.224/27,b12-03,ord-sam_eventbus,65009
shared0-samminionatlasdir1-1-ord.ops.sfdc.net,10.223.223.34/29,10.213.206.64/27,h16-03,ord-sam_cloudatlas_dir,65009
shared0-samminionatlasdir1-2-ord.ops.sfdc.net,10.223.223.42/29,10.213.206.32/27,h15-03,ord-sam_cloudatlas_dir,65009
shared0-samminionatlasdir2-1-ord.ops.sfdc.net,10.223.223.50/29,10.213.206.0/27,c18-01,ord-sam_cloudatlas_dir,65009
shared0-samminionatlasfe1-1-ord.ops.sfdc.net,10.223.223.2/29,10.213.204.0/27,f15-02,ord-sam_cloudatlas,65009
shared0-samminionatlasfe1-2-ord.ops.sfdc.net,10.223.223.18/29,10.213.204.64/27,l13-03,ord-sam_cloudatlas,65009
shared0-samminionatlasfe2-1-ord.ops.sfdc.net,10.223.223.10/29,10.213.204.32/27,g11-02,ord-sam_cloudatlas,65009
shared0-samminionceph1-1-ord.ops.sfdc.net,10.223.250.10/29,10.213.247.128/27,j11-02,ord-sam_ceph,65009
shared0-samminionceph1-12-ord.ops.sfdc.net,10.223.250.11/29,10.213.247.160/27,j11-02,ord-sam_ceph,65009
shared0-samminionceph1-14-ord.ops.sfdc.net,10.223.250.12/29,10.213.247.192/27,j11-02,ord-sam_ceph,65009
shared0-samminionceph1-15-ord.ops.sfdc.net,10.223.250.19/29,10.213.247.0/27,h16-03,ord-sam_ceph,65009
shared0-samminionceph1-16-ord.ops.sfdc.net,10.223.250.66/29,10.213.241.224/27,b08-02,ord-sam_ceph,65009
shared0-samminionceph1-17-ord.ops.sfdc.net,10.223.250.13/29,10.213.247.224/27,j11-02,ord-sam_ceph,65009
shared0-samminionceph1-19-ord.ops.sfdc.net,10.223.250.14/29,10.213.248.0/27,j11-02,ord-sam_ceph,65009
shared0-samminionceph1-25-ord.ops.sfdc.net,10.223.250.44/29,10.213.244.0/27,c02-02,ord-sam_ceph,65009
shared0-samminionceph1-9-ord.ops.sfdc.net,10.223.250.46/29,10.213.244.64/27,c02-02,ord-sam_ceph,65009
shared0-samminionceph2-10-ord.ops.sfdc.net,10.223.250.74/29,10.213.248.32/27,k03-02,ord-sam_ceph,65009
shared0-samminionchatbotrt1-1-ord.ops.sfdc.net,10.223.223.242/29,10.213.217.64/27,g02-02,ord-sam_chatbot_kingdom,65009
shared0-samminionchatbotrt1-10-ord.ops.sfdc.net,10.223.223.226/29,10.213.218.64/27,k13-02,ord-sam_chatbot_kingdom,65009
shared0-samminionchatbotrt1-2-ord.ops.sfdc.net,10.223.223.194/29,10.213.217.128/27,j02-02,ord-sam_chatbot_kingdom,65009
shared0-samminionchatbotrt1-3-ord.ops.sfdc.net,10.223.223.243/29,10.213.217.96/27,g02-02,ord-sam_chatbot_kingdom,65009
shared0-samminionchatbotrt1-4-ord.ops.sfdc.net,10.223.223.195/29,10.213.217.160/27,j02-02,ord-sam_chatbot_kingdom,65009
shared0-samminionchatbotrt1-5-ord.ops.sfdc.net,10.223.223.210/29,10.213.217.224/27,j14-03,ord-sam_chatbot_kingdom,65009
shared0-samminionchatbotrt1-6-ord.ops.sfdc.net,10.223.223.211/29,10.213.218.0/27,j14-03,ord-sam_chatbot_kingdom,65009
shared0-samminionchatbotrt1-7-ord.ops.sfdc.net,10.223.223.227/29,10.213.218.96/27,k13-02,ord-sam_chatbot_kingdom,65009
shared0-samminionchatbotrt1-8-ord.ops.sfdc.net,10.223.223.212/29,10.213.218.32/27,j14-03,ord-sam_chatbot_kingdom,65009
shared0-samminionchatbotrt1-9-ord.ops.sfdc.net,10.223.223.196/29,10.213.217.192/27,j02-02,ord-sam_chatbot_kingdom,65009
shared0-samminionchatbotrt2-1-ord.ops.sfdc.net,10.223.223.234/29,10.213.216.96/27,e05-02,ord-sam_chatbot_kingdom,65009
shared0-samminionchatbotrt2-10-ord.ops.sfdc.net,10.223.223.218/29,10.213.216.0/27,b19-01,ord-sam_chatbot_kingdom,65009
shared0-samminionchatbotrt2-2-ord.ops.sfdc.net,10.223.223.219/29,10.213.216.32/27,b19-01,ord-sam_chatbot_kingdom,65009
shared0-samminionchatbotrt2-3-ord.ops.sfdc.net,10.223.223.202/29,10.213.216.224/27,f13-02,ord-sam_chatbot_kingdom,65009
shared0-samminionchatbotrt2-4-ord.ops.sfdc.net,10.223.223.203/29,10.213.217.0/27,f13-02,ord-sam_chatbot_kingdom,65009
shared0-samminionchatbotrt2-5-ord.ops.sfdc.net,10.223.223.250/29,10.213.216.160/27,e10-02,ord-sam_chatbot_kingdom,65009
shared0-samminionchatbotrt2-6-ord.ops.sfdc.net,10.223.223.235/29,10.213.216.128/27,e05-02,ord-sam_chatbot_kingdom,65009
shared0-samminionchatbotrt2-7-ord.ops.sfdc.net,10.223.223.220/29,10.213.216.64/27,b19-01,ord-sam_chatbot_kingdom,65009
shared0-samminionchatbotrt2-8-ord.ops.sfdc.net,10.223.223.251/29,10.213.216.192/27,e10-02,ord-sam_chatbot_kingdom,65009
shared0-samminionchatbotrt2-9-ord.ops.sfdc.net,10.223.223.204/29,10.213.217.32/27,f13-02,ord-sam_chatbot_kingdom,65009
shared0-samminioncrosscloudplatform1-1-ord.ops.sfdc.net,10.223.243.2/29,10.208.137.64/27,r16-01,ord-sam_crosscloudplatform,65009
shared0-samminioncrosscloudplatform1-2-ord.ops.sfdc.net,10.223.243.3/29,10.208.137.96/27,r16-01,ord-sam_crosscloudplatform,65009
shared0-samminioncrosscloudplatform1-3-ord.ops.sfdc.net,10.223.243.42/29,10.208.136.0/27,c01-03,ord-sam_crosscloudplatform,65009
shared0-samminioncrosscloudplatform1-4-ord.ops.sfdc.net,10.223.243.43/29,10.208.136.32/27,c01-03,ord-sam_crosscloudplatform,65009
shared0-samminioncrosscloudplatform1-5-ord.ops.sfdc.net,10.223.243.66/28,10.208.137.160/27,g06-02,ord-sam_crosscloudplatform,65009
shared0-samminioncrosscloudplatform2-1-ord.ops.sfdc.net,10.223.243.10/29,10.208.137.0/27,m03-03,ord-sam_crosscloudplatform,65009
shared0-samminioncrosscloudplatform2-2-ord.ops.sfdc.net,10.223.243.11/29,10.208.137.32/27,m03-03,ord-sam_crosscloudplatform,65009
shared0-samminioncrosscloudplatform2-3-ord.ops.sfdc.net,10.223.243.50/29,10.208.136.128/27,d12-02,ord-sam_crosscloudplatform,65009
shared0-samminioncrosscloudplatform2-4-ord.ops.sfdc.net,10.223.243.51/29,10.208.136.160/27,d12-02,ord-sam_crosscloudplatform,65009
shared0-samminioncrosscloudplatform2-5-ord.ops.sfdc.net,10.223.243.18/28,10.208.137.128/27,e01-02,ord-sam_crosscloudplatform,65009
shared0-samminioncrosscloudplatform3-1-ord.ops.sfdc.net,10.223.243.34/29,10.208.136.192/27,l07-01,ord-sam_crosscloudplatform,65009
shared0-samminioncrosscloudplatform3-2-ord.ops.sfdc.net,10.223.243.35/29,10.208.136.224/27,l07-01,ord-sam_crosscloudplatform,65009
shared0-samminioncrosscloudplatform3-3-ord.ops.sfdc.net,10.223.243.58/29,10.208.136.64/27,c10-03,ord-sam_crosscloudplatform,65009
shared0-samminioncrosscloudplatform3-4-ord.ops.sfdc.net,10.223.243.59/29,10.208.136.96/27,c10-03,ord-sam_crosscloudplatform,65009
shared0-samminioncrosscloudplatform3-5-ord.ops.sfdc.net,10.223.243.82/28,10.208.137.192/27,j06-02,ord-sam_crosscloudplatform,65009
shared0-samminioncrosscloudsetup1-1-ord.ops.sfdc.net,10.223.248.130/29,10.208.138.32/27,e02-03,ord-sam_crosscloudsetup,65009
shared0-samminioncrosscloudsetup1-2-ord.ops.sfdc.net,10.223.248.154/29,10.208.138.64/27,f03-02,ord-sam_crosscloudsetup,65009
shared0-samminioncrosscloudsetup1-3-ord.ops.sfdc.net,10.223.248.178/29,10.208.138.160/27,k07-03,ord-sam_crosscloudsetup,65009
shared0-samminioncrosscloudsetup2-1-ord.ops.sfdc.net,10.223.248.138/29,10.208.138.128/27,h07-01,ord-sam_crosscloudsetup,65009
shared0-samminioncrosscloudsetup2-2-ord.ops.sfdc.net,10.223.248.162/29,10.208.138.96/27,g14-01,ord-sam_crosscloudsetup,65009
shared0-samminioncrosscloudsetup2-3-ord.ops.sfdc.net,10.223.248.170/29,10.208.138.224/27,q13-02,ord-sam_crosscloudsetup,65009
shared0-samminioncrosscloudsetup3-1-ord.ops.sfdc.net,10.223.248.146/29,10.208.138.0/27,d15-03,ord-sam_crosscloudsetup,65009
shared0-samminioncrosscloudsetup3-2-ord.ops.sfdc.net,10.223.248.186/29,10.208.138.192/27,l10-03,ord-sam_crosscloudsetup,65009
shared0-samminioncustomerresolutionengine1-1-ord.ops.sfdc.net,10.223.248.2/29,10.208.140.96/27,h12-03,ord-sam_customerresolutionengine,65009
shared0-samminioncustomerresolutionengine1-2-ord.ops.sfdc.net,10.223.248.74/29,10.208.141.64/27,k16-03,ord-sam_customerresolutionengine,65009
shared0-samminioncustomerresolutionengine1-3-ord.ops.sfdc.net,10.223.248.34/29,10.208.140.32/27,c02-02,ord-sam_customerresolutionengine,65009
shared0-samminioncustomerresolutionengine1-4-ord.ops.sfdc.net,10.223.248.26/29,10.208.140.0/27,b13-02,ord-sam_customerresolutionengine,65009
shared0-samminioncustomerresolutionengine1-5-ord.ops.sfdc.net,10.223.248.66/29,10.208.141.128/27,l05-03,ord-sam_customerresolutionengine,65009
shared0-samminioncustomerresolutionengine1-6-ord.ops.sfdc.net,10.223.248.76/29,10.208.141.224/27,k16-03,ord-sam_customerresolutionengine,65009
shared0-samminioncustomerresolutionengine2-1-ord.ops.sfdc.net,10.223.248.10/29,10.208.140.192/27,n12-01,ord-sam_customerresolutionengine,65009
shared0-samminioncustomerresolutionengine2-2-ord.ops.sfdc.net,10.223.248.35/29,10.208.141.32/27,c02-02,ord-sam_customerresolutionengine,65009
shared0-samminioncustomerresolutionengine2-3-ord.ops.sfdc.net,10.223.248.42/29,10.208.140.128/27,j10-02,ord-sam_customerresolutionengine,65009
shared0-samminioncustomerresolutionengine2-4-ord.ops.sfdc.net,10.223.248.58/29,10.208.140.64/27,e11-02,ord-sam_customerresolutionengine,65009
shared0-samminioncustomerresolutionengine2-5-ord.ops.sfdc.net,10.223.248.67/29,10.208.141.160/27,l05-03,ord-sam_customerresolutionengine,65009
shared0-samminioncustomerresolutionengine3-1-ord.ops.sfdc.net,10.223.248.18/29,10.208.140.224/27,p16-01,ord-sam_customerresolutionengine,65009
shared0-samminioncustomerresolutionengine3-2-ord.ops.sfdc.net,10.223.248.75/29,10.208.141.96/27,k16-03,ord-sam_customerresolutionengine,65009
shared0-samminioncustomerresolutionengine3-3-ord.ops.sfdc.net,10.223.248.50/29,10.208.140.160/27,m16-03,ord-sam_customerresolutionengine,65009
shared0-samminioncustomerresolutionengine3-4-ord.ops.sfdc.net,10.223.248.27/29,10.208.141.0/27,b13-02,ord-sam_customerresolutionengine,65009
shared0-samminioncustomerresolutionengine3-5-ord.ops.sfdc.net,10.223.248.68/29,10.208.141.192/27,l05-03,ord-sam_customerresolutionengine,65009
shared0-samminiondatapool1-1-ord.ops.sfdc.net,10.223.128.154/29,10.208.139.0/27,a06-02,ord-sam_datapool,65009
shared0-samminiondatapool1-2-ord.ops.sfdc.net,10.223.128.146/29,10.208.139.32/27,e06-02,ord-sam_datapool,65009
shared0-samminiondatapool2-1-ord.ops.sfdc.net,10.223.128.147/29,10.208.139.64/27,e06-02,ord-sam_datapool,65009
shared0-samminiondp1-1-ord.ops.sfdc.net,10.190.129.2/29,10.208.144.128/27,b08-02,ord-sam_dp,65009
shared0-samminiondp1-2-ord.ops.sfdc.net,10.190.128.234/29,10.208.144.160/27,d12-02,ord-sam_dp,65009
shared0-samminiondp2-1-ord.ops.sfdc.net,10.190.129.10/29,10.208.144.192/27,k16-03,ord-sam_dp,65009
shared0-samminiongater1-1-ord.ops.sfdc.net,10.223.221.130/29,10.213.200.128/27,j05-02,ord-sam_gater,65009
shared0-samminiongater1-2-ord.ops.sfdc.net,10.223.221.162/29,10.213.200.32/27,f12-02,ord-sam_gater,65009
shared0-samminiongater1-3-ord.ops.sfdc.net,10.223.221.146/29,10.213.200.64/27,g06-02,ord-sam_gater,65009
shared0-samminiongater1-4-ord.ops.sfdc.net,10.223.221.178/29,10.213.200.224/27,r07-02,ord-sam_gater,65009
shared0-samminiongater1-5-ord.ops.sfdc.net,10.223.221.131/29,10.213.201.96/27,j05-02,ord-sam_gater,65009
shared0-samminiongater1-6-ord.ops.sfdc.net,10.223.221.132/29,10.213.201.128/27,j05-02,ord-sam_gater,65009
shared0-samminiongater1-7-ord.ops.sfdc.net,10.223.221.163/29,10.213.201.0/27,f12-02,ord-sam_gater,65009
shared0-samminiongater1-8-ord.ops.sfdc.net,10.223.221.164/29,10.213.201.32/27,f12-02,ord-sam_gater,65009
shared0-samminiongater2-1-ord.ops.sfdc.net,10.223.221.154/29,10.213.200.96/27,h16-02,ord-sam_gater,65009
shared0-samminiongater2-2-ord.ops.sfdc.net,10.223.221.138/29,10.213.200.0/27,c10-02,ord-sam_gater,65009
shared0-samminiongater2-3-ord.ops.sfdc.net,10.223.221.170/29,10.213.200.160/27,k16-03,ord-sam_gater,65009
shared0-samminiongater2-4-ord.ops.sfdc.net,10.223.221.186/29,10.213.200.192/27,l13-03,ord-sam_gater,65009
shared0-samminiongater2-5-ord.ops.sfdc.net,10.223.221.187/29,10.213.201.192/27,l13-03,ord-sam_gater,65009
shared0-samminiongater2-6-ord.ops.sfdc.net,10.223.221.188/29,10.213.201.224/27,l13-03,ord-sam_gater,65009
shared0-samminiongater2-7-ord.ops.sfdc.net,10.223.221.155/29,10.213.201.64/27,h16-02,ord-sam_gater,65009
shared0-samminiongater2-8-ord.ops.sfdc.net,10.223.221.171/29,10.213.201.160/27,k16-03,ord-sam_gater,65009
shared0-samminiongwc1-1-ord.ops.sfdc.net,10.190.128.162/29,10.208.145.0/27,d13-02,ord-sam_gatewayconfig,65009
shared0-samminiongwc1-2-ord.ops.sfdc.net,10.190.128.170/29,10.208.145.64/27,g02-02,ord-sam_gatewayconfig,65009
shared0-samminiongwc2-1-ord.ops.sfdc.net,10.190.128.163/29,10.208.145.32/27,d13-02,ord-sam_gatewayconfig,65009
shared0-samminiongwc2-2-ord.ops.sfdc.net,10.190.128.171/29,10.208.145.96/27,g02-02,ord-sam_gatewayconfig,65009
shared0-samminioniot1-1-ord.ops.sfdc.net,10.223.231.202/29,10.208.133.192/27,p16-02,ord-sam_iot,65009
shared0-samminioniot1-10-ord.ops.sfdc.net,10.223.231.250/29,10.208.132.224/27,k08-03,ord-sam_iot,65009
shared0-samminioniot1-2-ord.ops.sfdc.net,10.223.231.203/29,10.208.133.224/27,p16-02,ord-sam_iot,65009
shared0-samminioniot1-3-ord.ops.sfdc.net,10.223.231.210/29,10.208.134.32/27,s15-01,ord-sam_iot,65009
shared0-samminioniot1-4-ord.ops.sfdc.net,10.223.231.226/29,10.208.132.96/27,h15-03,ord-sam_iot,65009
shared0-samminioniot1-5-ord.ops.sfdc.net,10.223.231.227/29,10.208.132.128/27,h15-03,ord-sam_iot,65009
shared0-samminioniot1-6-ord.ops.sfdc.net,10.223.231.204/29,10.208.134.0/27,p16-02,ord-sam_iot,65009
shared0-samminioniot1-7-ord.ops.sfdc.net,10.223.231.251/29,10.208.133.0/27,k08-03,ord-sam_iot,65009
shared0-samminioniot1-8-ord.ops.sfdc.net,10.223.231.211/29,10.208.134.64/27,s15-01,ord-sam_iot,65009
shared0-samminioniot1-9-ord.ops.sfdc.net,10.223.231.212/29,10.208.134.96/27,s15-01,ord-sam_iot,65009
shared0-samminioniot2-1-ord.ops.sfdc.net,10.223.231.234/29,10.208.132.160/27,j10-02,ord-sam_iot,65009
shared0-samminioniot2-10-ord.ops.sfdc.net,10.223.231.242/29,10.208.133.32/27,k15-03,ord-sam_iot,65009
shared0-samminioniot2-2-ord.ops.sfdc.net,10.223.231.194/29,10.208.133.96/27,l02-03,ord-sam_iot,65009
shared0-samminioniot2-3-ord.ops.sfdc.net,10.223.231.235/29,10.208.132.192/27,j10-02,ord-sam_iot,65009
shared0-samminioniot2-4-ord.ops.sfdc.net,10.223.231.243/29,10.208.133.64/27,k15-03,ord-sam_iot,65009
shared0-samminioniot2-5-ord.ops.sfdc.net,10.223.231.218/29,10.208.132.0/27,d15-02,ord-sam_iot,65009
shared0-samminioniot2-6-ord.ops.sfdc.net,10.223.231.219/29,10.208.132.32/27,d15-02,ord-sam_iot,65009
shared0-samminioniot2-7-ord.ops.sfdc.net,10.223.231.220/29,10.208.132.64/27,d15-02,ord-sam_iot,65009
shared0-samminioniot2-8-ord.ops.sfdc.net,10.223.231.195/29,10.208.133.128/27,l02-03,ord-sam_iot,65009
shared0-samminioniot2-9-ord.ops.sfdc.net,10.223.231.196/29,10.208.133.160/27,l02-03,ord-sam_iot,65009
shared0-samminionmcconsumer1-1-ord.ops.sfdc.net,10.223.255.2/29,10.213.222.64/27,d12-02,ord-sam_mc_consumer,65009
shared0-samminionmcconsumer1-2-ord.ops.sfdc.net,10.223.255.11/29,10.213.222.128/27,c02-02,ord-sam_mc_consumer,65009
shared0-samminionmcconsumer2-1-ord.ops.sfdc.net,10.223.255.10/29,10.213.222.32/27,c02-02,ord-sam_mc_consumer,65009
shared0-samminionmcconsumer2-2-ord.ops.sfdc.net,10.223.255.19/29,10.213.222.96/27,a05-02,ord-sam_mc_consumer,65009
shared0-samminionmcconsumer3-1-ord.ops.sfdc.net,10.223.255.18/29,10.213.222.0/27,a05-02,ord-sam_mc_consumer,65009
shared0-samminionmoderationeinstein1-1-ord.ops.sfdc.net,10.223.223.146/29,10.213.210.64/27,a10-02,ord-sam_moderation_einstein,65009
shared0-samminionmoderationeinstein1-2-ord.ops.sfdc.net,10.223.223.130/29,10.213.210.0/27,a05-02,ord-sam_moderation_einstein,65009
shared0-samminionmoderationeinstein2-1-ord.ops.sfdc.net,10.223.223.138/29,10.213.210.32/27,a06-02,ord-sam_moderation_einstein,65009
shared0-samminionreportcollector1-1-ord.ops.sfdc.net,10.223.224.10/28,10.213.208.64/27,h16-03,ord-sam_report_collector,65009
shared0-samminionreportcollector1-2-ord.ops.sfdc.net,10.223.224.50/28,10.213.208.128/27,f08-02,ord-sam_report_collector,65009
shared0-samminionreportcollector2-1-ord.ops.sfdc.net,10.223.224.18/28,10.213.208.32/27,f15-02,ord-sam_report_collector,65009
shared0-samminionreportcollector2-2-ord.ops.sfdc.net,10.223.224.66/28,10.213.208.96/27,b16-02,ord-sam_report_collector,65009
shared0-samminionreportcollector3-1-ord.ops.sfdc.net,10.223.224.34/28,10.213.208.0/27,e01-02,ord-sam_report_collector,65009
shared0-samminionreportcollector3-2-ord.ops.sfdc.net,10.223.224.82/28,10.213.208.160/27,k04-02,ord-sam_report_collector,65009
shared0-samminionsearch21-1-ord.ops.sfdc.net,10.223.214.227/29,10.213.220.160/27,c09-03,ord-sam_search,65009
shared0-samminionsearch21-2-ord.ops.sfdc.net,10.223.214.210/29,10.213.221.32/27,k03-02,ord-sam_search,65009
shared0-samminionsearch21-3-ord.ops.sfdc.net,10.223.214.211/29,10.213.221.64/27,k03-02,ord-sam_search,65009
shared0-samminionsearch21-4-ord.ops.sfdc.net,10.223.214.212/29,10.213.221.96/27,k03-02,ord-sam_search,65009
shared0-samminionsearch21-5-ord.ops.sfdc.net,10.223.214.226/29,10.213.220.192/27,c09-03,ord-sam_search,65009
shared0-samminionsearch22-1-ord.ops.sfdc.net,10.223.214.197/29,10.213.220.0/27,b19-01,ord-sam_search,65009
shared0-samminionsearch22-2-ord.ops.sfdc.net,10.223.214.198/29,10.213.220.32/27,b19-01,ord-sam_search,65009
shared0-samminionsearch22-3-ord.ops.sfdc.net,10.223.214.194/29,10.213.220.64/27,b19-01,ord-sam_search,65009
shared0-samminionsearch22-4-ord.ops.sfdc.net,10.223.214.195/29,10.213.220.96/27,b19-01,ord-sam_search,65009
shared0-samminionsearch22-5-ord.ops.sfdc.net,10.223.214.196/29,10.213.220.128/27,b19-01,ord-sam_search,65009
shared0-samminionsearch23-1-ord.ops.sfdc.net,10.223.214.218/29,10.213.220.224/27,f02-01,ord-sam_search,65009
shared0-samminionsearch23-2-ord.ops.sfdc.net,10.223.214.219/29,10.213.221.0/27,f02-01,ord-sam_search,65009
shared0-samminionsearch23-3-ord.ops.sfdc.net,10.223.214.203/29,10.213.221.128/27,k12-02,ord-sam_search,65009
shared0-samminionsearch23-4-ord.ops.sfdc.net,10.223.214.204/29,10.213.221.160/27,k12-02,ord-sam_search,65009
shared0-samminionsearch23-5-ord.ops.sfdc.net,10.223.214.202/29,10.213.221.192/27,k12-02,ord-sam_search,65009
shared0-samminionserviceprotection1-1-ord.ops.sfdc.net,10.223.251.66/29,10.208.142.0/27,h07-02,ord-sam_serviceprotection,65009
shared0-samminionserviceprotection1-2-ord.ops.sfdc.net,10.223.251.74/29,10.208.142.96/27,l14-03,ord-sam_serviceprotection,65009
shared0-samminionserviceprotection2-1-ord.ops.sfdc.net,10.223.251.82/29,10.208.142.32/27,l05-03,ord-sam_serviceprotection,65009
shared0-samminionserviceprotection3-1-ord.ops.sfdc.net,10.223.251.90/29,10.208.142.64/27,l06-03,ord-sam_serviceprotection,65009
shared0-samminionsfstore1-1-ord.ops.sfdc.net,10.223.242.170/29,10.213.224.224/27,n12-01,ord-sam_sfstore,65009
shared0-samminionsfstore1-2-ord.ops.sfdc.net,10.223.242.131/29,10.213.224.192/27,m04-01,ord-sam_sfstore,65009
shared0-samminionsfstore2-1-ord.ops.sfdc.net,10.223.242.138/29,10.213.224.128/27,l07-01,ord-sam_sfstore,65009
shared0-samminionsfstore2-2-ord.ops.sfdc.net,10.223.242.154/29,10.213.224.32/27,e02-03,ord-sam_sfstore,65009
shared0-samminionsfstore3-1-ord.ops.sfdc.net,10.223.242.146/29,10.213.224.96/27,h11-03,ord-sam_sfstore,65009
shared0-samminionsfstore3-2-ord.ops.sfdc.net,10.223.242.162/29,10.213.224.0/27,d15-03,ord-sam_sfstore,65009
shared0-samminionsme1-1-ord.ops.sfdc.net,10.223.230.234/29,10.208.130.224/27,p16-02,ord-search_model_executor,65009
shared0-samminionsme1-2-ord.ops.sfdc.net,10.223.230.242/29,10.208.130.0/27,b07-02,ord-search_model_executor,65009
shared0-samminionsme1-3-ord.ops.sfdc.net,10.223.230.243/29,10.208.130.32/27,b07-02,ord-search_model_executor,65009
shared0-samminionsme1-4-ord.ops.sfdc.net,10.223.230.235/29,10.208.131.0/27,p16-02,ord-search_model_executor,65009
shared0-samminionsme1-5-ord.ops.sfdc.net,10.223.230.236/29,10.208.131.32/27,p16-02,ord-search_model_executor,65009
shared0-samminionsme2-1-ord.ops.sfdc.net,10.223.230.250/29,10.208.130.64/27,b08-02,ord-search_model_executor,65009
shared0-samminionsme2-2-ord.ops.sfdc.net,10.223.230.226/29,10.208.130.128/27,l02-03,ord-search_model_executor,65009
shared0-samminionsme2-3-ord.ops.sfdc.net,10.223.230.227/29,10.208.130.160/27,l02-03,ord-search_model_executor,65009
shared0-samminionsme2-4-ord.ops.sfdc.net,10.223.230.228/29,10.208.130.192/27,l02-03,ord-search_model_executor,65009
shared0-samminionsme2-5-ord.ops.sfdc.net,10.223.230.251/29,10.208.130.96/27,b08-02,ord-search_model_executor,65009
shared0-samminionuniversalsearchmt1-1-ord.ops.sfdc.net,10.223.231.130/29,10.208.128.128/27,l02-03,ord-universalsearch_svc,65009
shared0-samminionuniversalsearchmt1-2-ord.ops.sfdc.net,10.223.231.138/29,10.208.128.224/27,p16-02,ord-universalsearch_svc,65009
shared0-samminionuniversalsearchmt1-3-ord.ops.sfdc.net,10.223.255.226/29,10.208.129.64/27,a05-02,ord-universalsearch_svc,65009
shared0-samminionuniversalsearchmt1-4-ord.ops.sfdc.net,10.223.145.98/29,10.208.154.32/27,j13-03,ord-universalsearch_svc,65009
shared0-samminionuniversalsearchmt2-1-ord.ops.sfdc.net,10.223.231.170/29,10.208.128.96/27,j10-02,ord-universalsearch_svc,65009
shared0-samminionuniversalsearchmt2-2-ord.ops.sfdc.net,10.223.255.242/29,10.208.153.224/27,f03-02,ord-universalsearch_svc,65009
shared0-samminionuniversalsearchmt2-3-ord.ops.sfdc.net,10.223.255.250/29,10.208.152.0/27,b13-02,ord-universalsearch_svc,65009
shared0-samminionuniversalsearchmt2-4-ord.ops.sfdc.net,10.223.231.147/29,10.208.155.128/27,s15-01,ord-universalsearch_svc,65009
shared0-samminionwarden1-1-ord.ops.sfdc.net,10.223.221.210/29,10.213.202.32/27,g06-02,ord-sam_warden,65009
shared0-samminionwarden1-2-ord.ops.sfdc.net,10.223.221.194/29,10.213.202.64/27,j05-02,ord-sam_warden,65009
shared0-samminionwarden2-1-ord.ops.sfdc.net,10.223.221.202/29,10.213.202.0/27,c10-02,ord-sam_warden,65009
shared0-searchidx1-1-ord.ops.sfdc.net,10.223.231.178/29,10.208.128.192/27,l10-03,ord-universalsearch_svc,65009
shared0-searchidx1-10-ord.ops.sfdc.net,10.223.145.106/29,10.208.152.192/27,m16-03,ord-universalsearch_svc,65009
shared0-searchidx1-11-ord.ops.sfdc.net,10.223.255.202/29,10.208.153.0/27,d12-02,ord-universalsearch_svc,65009
shared0-searchidx1-12-ord.ops.sfdc.net,10.223.255.210/29,10.208.152.64/27,c01-03,ord-universalsearch_svc,65009
shared0-searchidx1-13-ord.ops.sfdc.net,10.223.255.218/29,10.208.152.128/27,c02-02,ord-universalsearch_svc,65009
shared0-searchidx1-14-ord.ops.sfdc.net,10.223.255.227/29,10.208.129.96/27,a05-02,ord-universalsearch_svc,65009
shared0-searchidx1-15-ord.ops.sfdc.net,10.223.255.235/29,10.208.154.64/27,g14-01,ord-universalsearch_svc,65009
shared0-searchidx1-16-ord.ops.sfdc.net,10.223.255.243/29,10.208.154.0/27,f03-02,ord-universalsearch_svc,65009
shared0-searchidx1-17-ord.ops.sfdc.net,10.223.231.179/29,10.208.155.96/27,l10-03,ord-universalsearch_svc,65009
shared0-searchidx1-18-ord.ops.sfdc.net,10.223.231.163/29,10.208.154.96/27,h15-03,ord-universalsearch_svc,65009
shared0-searchidx1-19-ord.ops.sfdc.net,10.223.255.204/29,10.208.153.32/27,d12-02,ord-universalsearch_svc,65009
shared0-searchidx1-2-ord.ops.sfdc.net,10.223.231.162/29,10.208.128.64/27,h15-03,ord-universalsearch_svc,65009
shared0-searchidx1-3-ord.ops.sfdc.net,10.223.231.146/29,10.208.129.32/27,s15-01,ord-universalsearch_svc,65009
shared0-searchidx1-4-ord.ops.sfdc.net,10.223.231.139/29,10.208.129.0/27,p16-02,ord-universalsearch_svc,65009
shared0-searchidx1-5-ord.ops.sfdc.net,10.223.255.251/29,10.208.152.32/27,b13-02,ord-universalsearch_svc,65009
shared0-searchidx1-6-ord.ops.sfdc.net,10.223.255.195/29,10.208.152.224/27,c10-03,ord-universalsearch_svc,65009
shared0-searchidx1-7-ord.ops.sfdc.net,10.223.255.203/29,10.208.153.64/27,d12-02,ord-universalsearch_svc,65009
shared0-searchidx1-8-ord.ops.sfdc.net,10.223.255.211/29,10.208.152.96/27,c01-03,ord-universalsearch_svc,65009
shared0-searchidx1-9-ord.ops.sfdc.net,10.223.255.219/29,10.208.152.160/27,c02-02,ord-universalsearch_svc,65009
shared0-searchidx2-1-ord.ops.sfdc.net,10.223.231.154/29,10.208.128.32/27,d15-02,ord-universalsearch_svc,65009
shared0-searchidx2-10-ord.ops.sfdc.net,10.223.231.187/29,10.208.129.128/27,b12-02,ord-universalsearch_svc,65009
shared0-searchidx2-11-ord.ops.sfdc.net,10.223.231.171/29,10.208.154.128/27,j10-02,ord-universalsearch_svc,65009
shared0-searchidx2-12-ord.ops.sfdc.net,10.223.231.155/29,10.208.153.96/27,d15-02,ord-universalsearch_svc,65009
shared0-searchidx2-13-ord.ops.sfdc.net,10.223.231.188/29,10.208.129.160/27,b12-02,ord-universalsearch_svc,65009
shared0-searchidx2-14-ord.ops.sfdc.net,10.223.231.172/29,10.208.154.160/27,j10-02,ord-universalsearch_svc,65009
shared0-searchidx2-15-ord.ops.sfdc.net,10.223.231.156/29,10.208.153.128/27,d15-02,ord-universalsearch_svc,65009
shared0-searchidx2-16-ord.ops.sfdc.net,10.223.231.132/29,10.208.155.0/27,l02-03,ord-universalsearch_svc,65009
shared0-searchidx2-17-ord.ops.sfdc.net,10.223.231.158/29,10.208.153.160/27,d15-02,ord-universalsearch_svc,65009
shared0-searchidx2-18-ord.ops.sfdc.net,10.223.231.134/29,10.208.155.32/27,l02-03,ord-universalsearch_svc,65009
shared0-searchidx2-2-ord.ops.sfdc.net,10.223.231.186/29,10.208.128.0/27,b12-02,ord-universalsearch_svc,65009
shared0-searchidx2-3-ord.ops.sfdc.net,10.223.231.131/29,10.208.128.160/27,l02-03,ord-universalsearch_svc,65009
shared0-searchidx2-4-ord.ops.sfdc.net,10.223.231.189/29,10.208.129.192/27,b12-02,ord-universalsearch_svc,65009
shared0-searchidx2-5-ord.ops.sfdc.net,10.223.231.173/29,10.208.154.192/27,j10-02,ord-universalsearch_svc,65009
shared0-searchidx2-6-ord.ops.sfdc.net,10.223.231.157/29,10.208.153.192/27,d15-02,ord-universalsearch_svc,65009
shared0-searchidx2-7-ord.ops.sfdc.net,10.223.231.133/29,10.208.155.64/27,l02-03,ord-universalsearch_svc,65009
shared0-searchidx2-8-ord.ops.sfdc.net,10.223.231.190/29,10.208.129.224/27,b12-02,ord-universalsearch_svc,65009
shared0-searchidx2-9-ord.ops.sfdc.net,10.223.231.174/29,10.208.154.224/27,j10-02,ord-universalsearch_svc,65009
shared0-slbminion1-1-ord.ops.sfdc.net,10.223.254.34/29,10.213.232.224/27,k07-03,ord-slb,65009
shared0-slbminion1-10-ord.ops.sfdc.net,10.223.254.10/29,10.213.232.64/27,e06-02,ord-slb,65009
shared0-slbminion1-2-ord.ops.sfdc.net,10.223.254.35/29,10.213.233.0/27,k07-03,ord-slb,65009
shared0-slbminion1-3-ord.ops.sfdc.net,10.223.254.50/29,10.213.232.0/27,b12-02,ord-slb,65009
shared0-slbminion1-4-ord.ops.sfdc.net,10.223.254.26/29,10.213.233.128/27,l09-03,ord-slb,65009
shared0-slbminion1-5-ord.ops.sfdc.net,10.223.254.27/29,10.213.233.160/27,l09-03,ord-slb,65009
shared0-slbminion1-6-ord.ops.sfdc.net,10.223.254.11/29,10.213.232.96/27,e06-02,ord-slb,65009
shared0-slbminion1-7-ord.ops.sfdc.net,10.223.254.51/29,10.213.232.32/27,b12-02,ord-slb,65009
shared0-slbminion1-8-ord.ops.sfdc.net,10.223.254.28/29,10.213.233.192/27,l09-03,ord-slb,65009
shared0-slbminion1-9-ord.ops.sfdc.net,10.223.254.12/29,10.213.232.128/27,e06-02,ord-slb,65009
shared0-slbminion2-1-ord.ops.sfdc.net,10.223.254.2/29,10.213.234.32/27,q13-02,ord-slb,65009
shared0-slbminion2-10-ord.ops.sfdc.net,10.223.254.42/29,10.213.233.224/27,l10-03,ord-slb,65009
shared0-slbminion2-2-ord.ops.sfdc.net,10.223.254.18/29,10.213.233.32/27,k12-03,ord-slb,65009
shared0-slbminion2-3-ord.ops.sfdc.net,10.223.254.3/29,10.213.234.64/27,q13-02,ord-slb,65009
shared0-slbminion2-4-ord.ops.sfdc.net,10.223.254.4/29,10.213.234.96/27,q13-02,ord-slb,65009
shared0-slbminion2-5-ord.ops.sfdc.net,10.223.254.58/29,10.213.232.160/27,j10-02,ord-slb,65009
shared0-slbminion2-6-ord.ops.sfdc.net,10.223.254.43/29,10.213.234.0/27,l10-03,ord-slb,65009
shared0-slbminion2-7-ord.ops.sfdc.net,10.223.254.59/29,10.213.232.192/27,j10-02,ord-slb,65009
shared0-slbminion2-8-ord.ops.sfdc.net,10.223.254.19/29,10.213.233.64/27,k12-03,ord-slb,65009
shared0-slbminion2-9-ord.ops.sfdc.net,10.223.254.20/29,10.213.233.96/27,k12-03,ord-slb,65009
